﻿{"guideCategory":{"code":0,"data":{"title":"玩法库分类","key":"401","children":[{"title":"分类","key":"402","children":[{"title":"系统玩法","key":"410","children":[{"title":"系统登录","key":"415","children":[]},{"title":"新手指引系统","key":"416","children":[]},{"title":"装备系统","key":"417","children":[]},{"title":"战斗系统","key":"418","children":[]},{"title":"角色系统","key":"419","children":[]},{"title":"NPC系统","key":"420","children":[]},{"title":"场景系统","key":"421","children":[]},{"title":"交易系统","key":"422","children":[]},{"title":"聊天系统","key":"423","children":[]},{"title":"经济系统","key":"424","children":[]},{"title":"任务系统","key":"425","children":[]},{"title":"PK系统","key":"426","children":[]},{"title":"社交关系系统","key":"427","children":[]},{"title":"宠物坐骑系统","key":"428","children":[]},{"title":"道具系统","key":"429","children":[]},{"title":"家族帮会系统","key":"430","children":[]},{"title":"机能系统","key":"431","children":[]},{"title":"商城系统","key":"432","children":[]},{"title":"成就系统","key":"433","children":[]},{"title":"副本系统","key":"434","children":[]},{"title":"角色BUFF","key":"435","children":[]},{"title":"佣兵系统","key":"436","children":[]},{"title":"副职业","key":"437","children":[]},{"title":"生活技能系统","key":"438","children":[]},{"title":"其它系统","key":"439","children":[]}]},{"title":"活动玩法","key":"411","children":[]},{"title":"电子库","key":"412","children":[]},{"title":"系统玩法对比","key":"413","children":[]},{"title":"活动玩法对比","key":"414","children":[]}]},{"title":"类型","key":"403","children":[{"title":"角色扮演","key":"441","children":[]},{"title":"动作","key":"442","children":[]},{"title":"即时战略","key":"443","children":[]},{"title":"射击","key":"444","children":[]},{"title":"竞速","key":"445","children":[]},{"title":"战争策略","key":"446","children":[]},{"title":"模拟经营","key":"447","children":[]},{"title":"卡牌","key":"448","children":[]},{"title":"体育","key":"449","children":[]},{"title":"养成","key":"450","children":[]},{"title":"音乐","key":"451","children":[]},{"title":"格斗","key":"452","children":[]},{"title":"益智","key":"453","children":[]}]},{"title":"模式","key":"404","children":[{"title":"即时","key":"454","children":[]},{"title":"回合","key":"455","children":[]},{"title":"横版","key":"456","children":[]}]},{"title":"角度","key":"405","children":[{"title":"2D","key":"457","children":[]},{"title":"2.5D","key":"458","children":[]},{"title":"3D","key":"459","children":[]}]},{"title":"题材","key":"406","children":[{"title":"武侠","key":"460","children":[]},{"title":"仙侠","key":"461","children":[]},{"title":"历史","key":"462","children":[]},{"title":"战争","key":"463","children":[]},{"title":"科幻","key":"464","children":[]},{"title":"玄幻","key":"465","children":[]},{"title":"魔幻","key":"467","children":[]},{"title":"神话","key":"468","children":[]}]},{"title":"画风","key":"407","children":[{"title":"卡通","key":"469","children":[]},{"title":"Q版","key":"470","children":[]},{"title":"写诗","key":"471","children":[]},{"title":"油画","key":"472","children":[]},{"title":"版画","key":"473","children":[]},{"title":"国画","key":"474","children":[]},{"title":"水墨","key":"475","children":[]}]},{"title":"玩法","key":"408","children":[{"title":"社交","key":"476","children":[]},{"title":"对抗","key":"477","children":[]},{"title":"竞技","key":"478","children":[]},{"title":"副本","key":"479","children":[]},{"title":"休闲","key":"480","children":[]},{"title":"挂机","key":"481","children":[]},{"title":"家族","key":"482","children":[]},{"title":"宠物","key":"483","children":[]},{"title":"成就","key":"484","children":[]}]}]}}}